model,stage,invalid_bio_transition_count,invalid_bio_transition_rate,source
bertic,epoch_1,2933,0.024273973963204198,C:\Users\Dejan\Desktop\opj\MOJA_PRIPREMA_NE_SALJI_2026-09-08\kod_800_oglasa_5_oznaka\results\bertic\final\epoch_1\metrics.json
bertic,epoch_2,6491,0.05372054721962443,C:\Users\Dejan\Desktop\opj\MOJA_PRIPREMA_NE_SALJI_2026-09-08\kod_800_oglasa_5_oznaka\results\bertic\final\epoch_2\metrics.json
bertic,epoch_3,3789,0.031358365955192875,C:\Users\Dejan\Desktop\opj\MOJA_PRIPREMA_NE_SALJI_2026-09-08\kod_800_oglasa_5_oznaka\results\bertic\final\epoch_3\metrics.json
bertic,epoch_4,2417,0.02000347598672504,C:\Users\Dejan\Desktop\opj\MOJA_PRIPREMA_NE_SALJI_2026-09-08\kod_800_oglasa_5_oznaka\results\bertic\final\epoch_4\metrics.json
bertic,epoch_5,1758,0.014549487291958057,C:\Users\Dejan\Desktop\opj\MOJA_PRIPREMA_NE_SALJI_2026-09-08\kod_800_oglasa_5_oznaka\results\bertic\final\epoch_5\metrics.json
bertic,epoch_6,1383,0.011445927716028436,C:\Users\Dejan\Desktop\opj\MOJA_PRIPREMA_NE_SALJI_2026-09-08\kod_800_oglasa_5_oznaka\results\bertic\final\epoch_6\metrics.json
bertic,epoch_7,1263,0.010452788651730958,C:\Users\Dejan\Desktop\opj\MOJA_PRIPREMA_NE_SALJI_2026-09-08\kod_800_oglasa_5_oznaka\results\bertic\final\epoch_7\metrics.json
crf,final,9,7.448542982231087e-05,C:\Users\Dejan\Desktop\opj\MOJA_PRIPREMA_NE_SALJI_2026-09-08\kod_800_oglasa_5_oznaka\results\crf\final\metrics.json
mbert,epoch_1,4405,0.036456479818586594,C:\Users\Dejan\Desktop\opj\MOJA_PRIPREMA_NE_SALJI_2026-09-08\kod_800_oglasa_5_oznaka\results\mbert\final\epoch_1\metrics.json
mbert,epoch_2,2967,0.02455536336475515,C:\Users\Dejan\Desktop\opj\MOJA_PRIPREMA_NE_SALJI_2026-09-08\kod_800_oglasa_5_oznaka\results\mbert\final\epoch_2\metrics.json
mbert,epoch_3,1197,0.009906562166367346,C:\Users\Dejan\Desktop\opj\MOJA_PRIPREMA_NE_SALJI_2026-09-08\kod_800_oglasa_5_oznaka\results\mbert\final\epoch_3\metrics.json
mbert,epoch_4,938,0.007763037019258622,C:\Users\Dejan\Desktop\opj\MOJA_PRIPREMA_NE_SALJI_2026-09-08\kod_800_oglasa_5_oznaka\results\mbert\final\epoch_4\metrics.json
mbert,epoch_5,740,0.006124357563167783,C:\Users\Dejan\Desktop\opj\MOJA_PRIPREMA_NE_SALJI_2026-09-08\kod_800_oglasa_5_oznaka\results\mbert\final\epoch_5\metrics.json
mbert,epoch_6,674,0.005578131077804169,C:\Users\Dejan\Desktop\opj\MOJA_PRIPREMA_NE_SALJI_2026-09-08\kod_800_oglasa_5_oznaka\results\mbert\final\epoch_6\metrics.json
mbert,epoch_7,634,0.0052470847230383436,C:\Users\Dejan\Desktop\opj\MOJA_PRIPREMA_NE_SALJI_2026-09-08\kod_800_oglasa_5_oznaka\results\mbert\final\epoch_7\metrics.json
naive_bayes,final,11313,0.09362818528664477,C:\Users\Dejan\Desktop\opj\MOJA_PRIPREMA_NE_SALJI_2026-09-08\kod_800_oglasa_5_oznaka\results\naive_bayes\final\metrics.json
svm,final,3300,0.027311324268180653,C:\Users\Dejan\Desktop\opj\MOJA_PRIPREMA_NE_SALJI_2026-09-08\kod_800_oglasa_5_oznaka\results\svm\final\metrics.json
xgboost,final,20913,0.17307931043044303,C:\Users\Dejan\Desktop\opj\MOJA_PRIPREMA_NE_SALJI_2026-09-08\kod_800_oglasa_5_oznaka\results\xgboost\final\metrics.json
