model,stage,pooled_outer_test_ads,strict_f1_pooled,strict_precision_pooled,strict_recall_pooled,relaxed_f1_pooled,semantic_token_f1_pooled,invalid_bio_transition_count,invalid_bio_transition_rate,fold_strict_f1_mean,fold_strict_f1_std,source
bertic,epoch_1,800,0.024236881216417056,0.03614047050801227,0.01823185414516684,0.11615410998056479,0.14155028358846133,2933,0.024273973963204198,,,C:\Users\Dejan\Desktop\opj\MOJA_PRIPREMA_NE_SALJI_2026-09-08\kod_800_oglasa_5_oznaka\results\bertic\final\epoch_1\metrics.json
bertic,epoch_2,800,0.18293845815301107,0.1594833098861747,0.21448228414172688,0.44054866867160564,0.42789031680340767,6491,0.05372054721962443,,,C:\Users\Dejan\Desktop\opj\MOJA_PRIPREMA_NE_SALJI_2026-09-08\kod_800_oglasa_5_oznaka\results\bertic\final\epoch_2\metrics.json
bertic,epoch_3,800,0.3534559477899733,0.3106910039113429,0.40987272101823186,0.5973005043013944,0.6762964292122735,3789,0.031358365955192875,,,C:\Users\Dejan\Desktop\opj\MOJA_PRIPREMA_NE_SALJI_2026-09-08\kod_800_oglasa_5_oznaka\results\bertic\final\epoch_3\metrics.json
bertic,epoch_4,800,0.4650769230769231,0.4206790982465906,0.5199518403852769,0.7004615384615385,0.7787556639944233,2417,0.02000347598672504,,,C:\Users\Dejan\Desktop\opj\MOJA_PRIPREMA_NE_SALJI_2026-09-08\kod_800_oglasa_5_oznaka\results\bertic\final\epoch_4\metrics.json
bertic,epoch_5,800,0.5269767441860466,0.4796782387806943,0.5846233230134159,0.738139534883721,0.8144247231432721,1758,0.014549487291958057,,,C:\Users\Dejan\Desktop\opj\MOJA_PRIPREMA_NE_SALJI_2026-09-08\kod_800_oglasa_5_oznaka\results\bertic\final\epoch_5\metrics.json
bertic,epoch_6,800,0.5761024182076814,0.5328947368421053,0.6269349845201239,0.7676623992413467,0.8366765885854794,1383,0.011445927716028436,,,C:\Users\Dejan\Desktop\opj\MOJA_PRIPREMA_NE_SALJI_2026-09-08\kod_800_oglasa_5_oznaka\results\bertic\final\epoch_6\metrics.json
bertic,epoch_7,800,0.5892188868540489,0.5485544848035582,0.6363949088407292,0.7776096822995462,0.8425150866264356,1263,0.010452788651730958,,,C:\Users\Dejan\Desktop\opj\MOJA_PRIPREMA_NE_SALJI_2026-09-08\kod_800_oglasa_5_oznaka\results\bertic\final\epoch_7\metrics.json
crf,final,800,0.6330137243842827,0.6979684908789386,0.5791193670450636,0.7860500094002631,0.7900808972237544,9,7.448542982231087e-05,,,C:\Users\Dejan\Desktop\opj\MOJA_PRIPREMA_NE_SALJI_2026-09-08\kod_800_oglasa_5_oznaka\results\crf\final\metrics.json
mbert,epoch_1,800,0.17250084146751937,0.16886326194398682,0.1762985896112831,0.4601144395826321,0.4658332895635275,4405,0.036456479818586594,,,C:\Users\Dejan\Desktop\opj\MOJA_PRIPREMA_NE_SALJI_2026-09-08\kod_800_oglasa_5_oznaka\results\mbert\final\epoch_1\metrics.json
mbert,epoch_2,800,0.4491440080563948,0.4085976039464412,0.4986240110079119,0.7112866992021071,0.7582961974347954,2967,0.02455536336475515,,,C:\Users\Dejan\Desktop\opj\MOJA_PRIPREMA_NE_SALJI_2026-09-08\kod_800_oglasa_5_oznaka\results\mbert\final\epoch_2\metrics.json
mbert,epoch_3,800,0.5436342136381553,0.5018192402852569,0.5930512555899553,0.7736696886085929,0.8237501675378637,1197,0.009906562166367346,,,C:\Users\Dejan\Desktop\opj\MOJA_PRIPREMA_NE_SALJI_2026-09-08\kod_800_oglasa_5_oznaka\results\mbert\final\epoch_3\metrics.json
mbert,epoch_4,800,0.5947343676539727,0.5462003454231433,0.652734778121775,0.7921955806299952,0.8468735687335064,938,0.007763037019258622,,,C:\Users\Dejan\Desktop\opj\MOJA_PRIPREMA_NE_SALJI_2026-09-08\kod_800_oglasa_5_oznaka\results\mbert\final\epoch_4\metrics.json
mbert,epoch_5,800,0.6240254574383454,0.5805210183540557,0.674578603371173,0.811137629276054,0.8599261148737796,740,0.006124357563167783,,,C:\Users\Dejan\Desktop\opj\MOJA_PRIPREMA_NE_SALJI_2026-09-08\kod_800_oglasa_5_oznaka\results\mbert\final\epoch_5\metrics.json
mbert,epoch_6,800,0.6383082158483228,0.6034007352941176,0.6775025799793601,0.8201263976665046,0.8629648497198167,674,0.005578131077804169,,,C:\Users\Dejan\Desktop\opj\MOJA_PRIPREMA_NE_SALJI_2026-09-08\kod_800_oglasa_5_oznaka\results\mbert\final\epoch_6\metrics.json
mbert,epoch_7,800,0.6436670687575392,0.6044404168554599,0.6883384932920537,0.8202653799758746,0.864926719774658,634,0.0052470847230383436,,,C:\Users\Dejan\Desktop\opj\MOJA_PRIPREMA_NE_SALJI_2026-09-08\kod_800_oglasa_5_oznaka\results\mbert\final\epoch_7\metrics.json
naive_bayes,final,800,0.2042696430153246,0.13755666905273203,0.39662882696938423,0.4281158650013288,0.5151596975775343,11313,0.09362818528664477,0.20278310081228668,0.04252590552480259,C:\Users\Dejan\Desktop\opj\MOJA_PRIPREMA_NE_SALJI_2026-09-08\kod_800_oglasa_5_oznaka\results\naive_bayes\final\metrics.json
svm,final,800,0.38416917541669726,0.33516976297245354,0.4499484004127967,0.6881562522945884,0.6744250484898864,3300,0.027311324268180653,,,C:\Users\Dejan\Desktop\opj\MOJA_PRIPREMA_NE_SALJI_2026-09-08\kod_800_oglasa_5_oznaka\results\svm\final\metrics.json
xgboost,final,800,0.010055656891632757,0.005818988849193461,0.0369797041623667,0.10630934006828492,0.09337403483569762,20913,0.17307931043044303,,,C:\Users\Dejan\Desktop\opj\MOJA_PRIPREMA_NE_SALJI_2026-09-08\kod_800_oglasa_5_oznaka\results\xgboost\final\metrics.json
