model,stage,label,tp,fp,fn,precision,recall,f1,support,source
bertic,epoch_1,CPU,106,2764,977,0.036933797909407665,0.09787626962142197,0.05363015431317986,1083,C:\Users\Dejan\Desktop\opj\MOJA_PRIPREMA_NE_SALJI_2026-09-08\kod_800_oglasa_5_oznaka\results\bertic\final\epoch_1\per_label.csv
bertic,epoch_1,GPU,0,14,987,0.0,0.0,0.0,987,C:\Users\Dejan\Desktop\opj\MOJA_PRIPREMA_NE_SALJI_2026-09-08\kod_800_oglasa_5_oznaka\results\bertic\final\epoch_1\per_label.csv
bertic,epoch_1,RAM,0,6,1248,0.0,0.0,0.0,1248,C:\Users\Dejan\Desktop\opj\MOJA_PRIPREMA_NE_SALJI_2026-09-08\kod_800_oglasa_5_oznaka\results\bertic\final\epoch_1\per_label.csv
bertic,epoch_1,SKLADISTE,0,43,1697,0.0,0.0,0.0,1697,C:\Users\Dejan\Desktop\opj\MOJA_PRIPREMA_NE_SALJI_2026-09-08\kod_800_oglasa_5_oznaka\results\bertic\final\epoch_1\per_label.csv
bertic,epoch_1,CENA,0,0,799,0.0,0.0,0.0,799,C:\Users\Dejan\Desktop\opj\MOJA_PRIPREMA_NE_SALJI_2026-09-08\kod_800_oglasa_5_oznaka\results\bertic\final\epoch_1\per_label.csv
bertic,epoch_2,CPU,352,2954,731,0.10647307924984876,0.3250230840258541,0.16040100250626568,1083,C:\Users\Dejan\Desktop\opj\MOJA_PRIPREMA_NE_SALJI_2026-09-08\kod_800_oglasa_5_oznaka\results\bertic\final\epoch_2\per_label.csv
bertic,epoch_2,GPU,1,301,986,0.0033112582781456954,0.0010131712259371835,0.0015515903801396431,987,C:\Users\Dejan\Desktop\opj\MOJA_PRIPREMA_NE_SALJI_2026-09-08\kod_800_oglasa_5_oznaka\results\bertic\final\epoch_2\per_label.csv
bertic,epoch_2,RAM,26,832,1222,0.030303030303030304,0.020833333333333332,0.024691358024691357,1248,C:\Users\Dejan\Desktop\opj\MOJA_PRIPREMA_NE_SALJI_2026-09-08\kod_800_oglasa_5_oznaka\results\bertic\final\epoch_2\per_label.csv
bertic,epoch_2,SKLADISTE,614,2072,1083,0.2285927029039464,0.3618149675898645,0.2801733972165184,1697,C:\Users\Dejan\Desktop\opj\MOJA_PRIPREMA_NE_SALJI_2026-09-08\kod_800_oglasa_5_oznaka\results\bertic\final\epoch_2\per_label.csv
bertic,epoch_2,CENA,254,413,545,0.3808095952023988,0.31789737171464333,0.3465211459754434,799,C:\Users\Dejan\Desktop\opj\MOJA_PRIPREMA_NE_SALJI_2026-09-08\kod_800_oglasa_5_oznaka\results\bertic\final\epoch_2\per_label.csv
bertic,epoch_3,CPU,458,1118,625,0.2906091370558376,0.4228993536472761,0.34449040992854457,1083,C:\Users\Dejan\Desktop\opj\MOJA_PRIPREMA_NE_SALJI_2026-09-08\kod_800_oglasa_5_oznaka\results\bertic\final\epoch_3\per_label.csv
bertic,epoch_3,GPU,75,1012,912,0.06899724011039558,0.07598784194528875,0.07232401157184185,987,C:\Users\Dejan\Desktop\opj\MOJA_PRIPREMA_NE_SALJI_2026-09-08\kod_800_oglasa_5_oznaka\results\bertic\final\epoch_3\per_label.csv
bertic,epoch_3,RAM,254,890,994,0.22202797202797203,0.20352564102564102,0.21237458193979933,1248,C:\Users\Dejan\Desktop\opj\MOJA_PRIPREMA_NE_SALJI_2026-09-08\kod_800_oglasa_5_oznaka\results\bertic\final\epoch_3\per_label.csv
bertic,epoch_3,SKLADISTE,932,1933,765,0.3253054101221641,0.5492044784914555,0.40859272249013595,1697,C:\Users\Dejan\Desktop\opj\MOJA_PRIPREMA_NE_SALJI_2026-09-08\kod_800_oglasa_5_oznaka\results\bertic\final\epoch_3\per_label.csv
bertic,epoch_3,CENA,664,334,135,0.6653306613226453,0.8310387984981227,0.7390094602114636,799,C:\Users\Dejan\Desktop\opj\MOJA_PRIPREMA_NE_SALJI_2026-09-08\kod_800_oglasa_5_oznaka\results\bertic\final\epoch_3\per_label.csv
bertic,epoch_4,CPU,547,758,536,0.4191570881226054,0.5050784856879039,0.4581239530988275,1083,C:\Users\Dejan\Desktop\opj\MOJA_PRIPREMA_NE_SALJI_2026-09-08\kod_800_oglasa_5_oznaka\results\bertic\final\epoch_4\per_label.csv
bertic,epoch_4,GPU,180,965,807,0.1572052401746725,0.182370820668693,0.16885553470919323,987,C:\Users\Dejan\Desktop\opj\MOJA_PRIPREMA_NE_SALJI_2026-09-08\kod_800_oglasa_5_oznaka\results\bertic\final\epoch_4\per_label.csv
bertic,epoch_4,RAM,520,742,728,0.4120443740095087,0.4166666666666667,0.4143426294820717,1248,C:\Users\Dejan\Desktop\opj\MOJA_PRIPREMA_NE_SALJI_2026-09-08\kod_800_oglasa_5_oznaka\results\bertic\final\epoch_4\per_label.csv
bertic,epoch_4,SKLADISTE,1072,1483,625,0.41956947162426617,0.6317030053034767,0.5042333019755408,1697,C:\Users\Dejan\Desktop\opj\MOJA_PRIPREMA_NE_SALJI_2026-09-08\kod_800_oglasa_5_oznaka\results\bertic\final\epoch_4\per_label.csv
bertic,epoch_4,CENA,704,215,95,0.766050054406964,0.8811013767209012,0.8195576251455181,799,C:\Users\Dejan\Desktop\opj\MOJA_PRIPREMA_NE_SALJI_2026-09-08\kod_800_oglasa_5_oznaka\results\bertic\final\epoch_4\per_label.csv
bertic,epoch_5,CPU,611,702,472,0.46534653465346537,0.564173591874423,0.510016694490818,1083,C:\Users\Dejan\Desktop\opj\MOJA_PRIPREMA_NE_SALJI_2026-09-08\kod_800_oglasa_5_oznaka\results\bertic\final\epoch_5\per_label.csv
bertic,epoch_5,GPU,320,803,667,0.28495102404274264,0.3242147922998987,0.30331753554502366,987,C:\Users\Dejan\Desktop\opj\MOJA_PRIPREMA_NE_SALJI_2026-09-08\kod_800_oglasa_5_oznaka\results\bertic\final\epoch_5\per_label.csv
bertic,epoch_5,RAM,641,713,607,0.4734121122599705,0.5136217948717948,0.49269792467332824,1248,C:\Users\Dejan\Desktop\opj\MOJA_PRIPREMA_NE_SALJI_2026-09-08\kod_800_oglasa_5_oznaka\results\bertic\final\epoch_5\per_label.csv
bertic,epoch_5,SKLADISTE,1110,1263,587,0.46776232616940583,0.6540954625810254,0.5454545454545455,1697,C:\Users\Dejan\Desktop\opj\MOJA_PRIPREMA_NE_SALJI_2026-09-08\kod_800_oglasa_5_oznaka\results\bertic\final\epoch_5\per_label.csv
bertic,epoch_5,CENA,717,206,82,0.7768147345612134,0.8973717146433041,0.832752613240418,799,C:\Users\Dejan\Desktop\opj\MOJA_PRIPREMA_NE_SALJI_2026-09-08\kod_800_oglasa_5_oznaka\results\bertic\final\epoch_5\per_label.csv
bertic,epoch_6,CPU,640,580,443,0.5245901639344263,0.5909510618651893,0.5557967867998264,1083,C:\Users\Dejan\Desktop\opj\MOJA_PRIPREMA_NE_SALJI_2026-09-08\kod_800_oglasa_5_oznaka\results\bertic\final\epoch_6\per_label.csv
bertic,epoch_6,GPU,415,717,572,0.3666077738515901,0.4204660587639311,0.39169419537517697,987,C:\Users\Dejan\Desktop\opj\MOJA_PRIPREMA_NE_SALJI_2026-09-08\kod_800_oglasa_5_oznaka\results\bertic\final\epoch_6\per_label.csv
bertic,epoch_6,RAM,737,629,511,0.5395314787701317,0.5905448717948718,0.5638867635807192,1248,C:\Users\Dejan\Desktop\opj\MOJA_PRIPREMA_NE_SALJI_2026-09-08\kod_800_oglasa_5_oznaka\results\bertic\final\epoch_6\per_label.csv
bertic,epoch_6,SKLADISTE,1133,1079,564,0.5122061482820977,0.6676487919858574,0.5796878997185981,1697,C:\Users\Dejan\Desktop\opj\MOJA_PRIPREMA_NE_SALJI_2026-09-08\kod_800_oglasa_5_oznaka\results\bertic\final\epoch_6\per_label.csv
bertic,epoch_6,CENA,720,190,79,0.7912087912087912,0.9011264080100125,0.8425980105324752,799,C:\Users\Dejan\Desktop\opj\MOJA_PRIPREMA_NE_SALJI_2026-09-08\kod_800_oglasa_5_oznaka\results\bertic\final\epoch_6\per_label.csv
bertic,epoch_7,CPU,649,563,434,0.5354785478547854,0.5992613111726686,0.5655773420479303,1083,C:\Users\Dejan\Desktop\opj\MOJA_PRIPREMA_NE_SALJI_2026-09-08\kod_800_oglasa_5_oznaka\results\bertic\final\epoch_7\per_label.csv
bertic,epoch_7,GPU,438,686,549,0.3896797153024911,0.44376899696048633,0.4149692089057319,987,C:\Users\Dejan\Desktop\opj\MOJA_PRIPREMA_NE_SALJI_2026-09-08\kod_800_oglasa_5_oznaka\results\bertic\final\epoch_7\per_label.csv
bertic,epoch_7,RAM,735,629,513,0.5388563049853372,0.5889423076923077,0.5627871362940275,1248,C:\Users\Dejan\Desktop\opj\MOJA_PRIPREMA_NE_SALJI_2026-09-08\kod_800_oglasa_5_oznaka\results\bertic\final\epoch_7\per_label.csv
bertic,epoch_7,SKLADISTE,1153,988,544,0.5385333956095283,0.6794342958161461,0.6008337675872851,1697,C:\Users\Dejan\Desktop\opj\MOJA_PRIPREMA_NE_SALJI_2026-09-08\kod_800_oglasa_5_oznaka\results\bertic\final\epoch_7\per_label.csv
bertic,epoch_7,CENA,725,179,74,0.8019911504424779,0.9073842302878599,0.8514386376981797,799,C:\Users\Dejan\Desktop\opj\MOJA_PRIPREMA_NE_SALJI_2026-09-08\kod_800_oglasa_5_oznaka\results\bertic\final\epoch_7\per_label.csv
crf,final,CPU,539,337,544,0.615296803652968,0.4976915974145891,0.5502807554874937,1083,C:\Users\Dejan\Desktop\opj\MOJA_PRIPREMA_NE_SALJI_2026-09-08\kod_800_oglasa_5_oznaka\results\crf\final\per_label.csv
crf,final,GPU,406,272,581,0.5988200589970502,0.41134751773049644,0.4876876876876876,987,C:\Users\Dejan\Desktop\opj\MOJA_PRIPREMA_NE_SALJI_2026-09-08\kod_800_oglasa_5_oznaka\results\crf\final\per_label.csv
crf,final,RAM,780,298,468,0.7235621521335807,0.625,0.6706792777300086,1248,C:\Users\Dejan\Desktop\opj\MOJA_PRIPREMA_NE_SALJI_2026-09-08\kod_800_oglasa_5_oznaka\results\crf\final\per_label.csv
crf,final,SKLADISTE,1059,452,638,0.700860357379219,0.624042427813789,0.6602244389027431,1697,C:\Users\Dejan\Desktop\opj\MOJA_PRIPREMA_NE_SALJI_2026-09-08\kod_800_oglasa_5_oznaka\results\crf\final\per_label.csv
crf,final,CENA,583,98,216,0.856093979441997,0.7296620775969962,0.7878378378378379,799,C:\Users\Dejan\Desktop\opj\MOJA_PRIPREMA_NE_SALJI_2026-09-08\kod_800_oglasa_5_oznaka\results\crf\final\per_label.csv
mbert,epoch_1,CPU,203,1571,880,0.11443066516347238,0.18744228993536471,0.14210710535526774,1083,C:\Users\Dejan\Desktop\opj\MOJA_PRIPREMA_NE_SALJI_2026-09-08\kod_800_oglasa_5_oznaka\results\mbert\final\epoch_1\per_label.csv
mbert,epoch_1,GPU,51,617,936,0.07634730538922156,0.05167173252279635,0.06163141993957705,987,C:\Users\Dejan\Desktop\opj\MOJA_PRIPREMA_NE_SALJI_2026-09-08\kod_800_oglasa_5_oznaka\results\mbert\final\epoch_1\per_label.csv
mbert,epoch_1,RAM,191,1249,1057,0.1326388888888889,0.1530448717948718,0.14211309523809526,1248,C:\Users\Dejan\Desktop\opj\MOJA_PRIPREMA_NE_SALJI_2026-09-08\kod_800_oglasa_5_oznaka\results\mbert\final\epoch_1\per_label.csv
mbert,epoch_1,SKLADISTE,499,1500,1198,0.2496248124062031,0.2940483205657042,0.270021645021645,1697,C:\Users\Dejan\Desktop\opj\MOJA_PRIPREMA_NE_SALJI_2026-09-08\kod_800_oglasa_5_oznaka\results\mbert\final\epoch_1\per_label.csv
mbert,epoch_1,CENA,81,108,718,0.42857142857142855,0.10137672090112641,0.1639676113360324,799,C:\Users\Dejan\Desktop\opj\MOJA_PRIPREMA_NE_SALJI_2026-09-08\kod_800_oglasa_5_oznaka\results\mbert\final\epoch_1\per_label.csv
mbert,epoch_2,CPU,412,708,671,0.3678571428571429,0.3804247460757156,0.3740354062641852,1083,C:\Users\Dejan\Desktop\opj\MOJA_PRIPREMA_NE_SALJI_2026-09-08\kod_800_oglasa_5_oznaka\results\mbert\final\epoch_2\per_label.csv
mbert,epoch_2,GPU,321,645,666,0.33229813664596275,0.3252279635258359,0.32872503840245776,987,C:\Users\Dejan\Desktop\opj\MOJA_PRIPREMA_NE_SALJI_2026-09-08\kod_800_oglasa_5_oznaka\results\mbert\final\epoch_2\per_label.csv
mbert,epoch_2,RAM,661,960,587,0.40777297964219616,0.5296474358974359,0.4607877309166957,1248,C:\Users\Dejan\Desktop\opj\MOJA_PRIPREMA_NE_SALJI_2026-09-08\kod_800_oglasa_5_oznaka\results\mbert\final\epoch_2\per_label.csv
mbert,epoch_2,SKLADISTE,907,1551,790,0.3689991863303499,0.5344725987035945,0.4365824308062575,1697,C:\Users\Dejan\Desktop\opj\MOJA_PRIPREMA_NE_SALJI_2026-09-08\kod_800_oglasa_5_oznaka\results\mbert\final\epoch_2\per_label.csv
mbert,epoch_2,CENA,598,332,201,0.6430107526881721,0.7484355444305382,0.6917293233082707,799,C:\Users\Dejan\Desktop\opj\MOJA_PRIPREMA_NE_SALJI_2026-09-08\kod_800_oglasa_5_oznaka\results\mbert\final\epoch_2\per_label.csv
mbert,epoch_3,CPU,565,687,518,0.4512779552715655,0.5216989843028624,0.4839400428265525,1083,C:\Users\Dejan\Desktop\opj\MOJA_PRIPREMA_NE_SALJI_2026-09-08\kod_800_oglasa_5_oznaka\results\mbert\final\epoch_3\per_label.csv
mbert,epoch_3,GPU,447,637,540,0.4123616236162362,0.45288753799392095,0.43167551907291163,987,C:\Users\Dejan\Desktop\opj\MOJA_PRIPREMA_NE_SALJI_2026-09-08\kod_800_oglasa_5_oznaka\results\mbert\final\epoch_3\per_label.csv
mbert,epoch_3,RAM,766,662,482,0.5364145658263305,0.6137820512820513,0.5724962630792226,1248,C:\Users\Dejan\Desktop\opj\MOJA_PRIPREMA_NE_SALJI_2026-09-08\kod_800_oglasa_5_oznaka\results\mbert\final\epoch_3\per_label.csv
mbert,epoch_3,SKLADISTE,1029,1175,668,0.4668784029038113,0.6063641720683559,0.5275570366572674,1697,C:\Users\Dejan\Desktop\opj\MOJA_PRIPREMA_NE_SALJI_2026-09-08\kod_800_oglasa_5_oznaka\results\mbert\final\epoch_3\per_label.csv
mbert,epoch_3,CENA,641,262,158,0.7098560354374308,0.8022528160200251,0.7532314923619272,799,C:\Users\Dejan\Desktop\opj\MOJA_PRIPREMA_NE_SALJI_2026-09-08\kod_800_oglasa_5_oznaka\results\mbert\final\epoch_3\per_label.csv
mbert,epoch_4,CPU,585,568,498,0.5073720728534259,0.5401662049861495,0.5232558139534883,1083,C:\Users\Dejan\Desktop\opj\MOJA_PRIPREMA_NE_SALJI_2026-09-08\kod_800_oglasa_5_oznaka\results\mbert\final\epoch_4\per_label.csv
mbert,epoch_4,GPU,555,754,432,0.4239877769289534,0.5623100303951368,0.48344947735191635,987,C:\Users\Dejan\Desktop\opj\MOJA_PRIPREMA_NE_SALJI_2026-09-08\kod_800_oglasa_5_oznaka\results\mbert\final\epoch_4\per_label.csv
mbert,epoch_4,RAM,871,574,377,0.6027681660899654,0.6979166666666666,0.6468622354251764,1248,C:\Users\Dejan\Desktop\opj\MOJA_PRIPREMA_NE_SALJI_2026-09-08\kod_800_oglasa_5_oznaka\results\mbert\final\epoch_4\per_label.csv
mbert,epoch_4,SKLADISTE,1117,1004,580,0.5266383781235267,0.6582203889216264,0.5851231011000524,1697,C:\Users\Dejan\Desktop\opj\MOJA_PRIPREMA_NE_SALJI_2026-09-08\kod_800_oglasa_5_oznaka\results\mbert\final\epoch_4\per_label.csv
mbert,epoch_4,CENA,667,253,132,0.725,0.8347934918648311,0.7760325770796975,799,C:\Users\Dejan\Desktop\opj\MOJA_PRIPREMA_NE_SALJI_2026-09-08\kod_800_oglasa_5_oznaka\results\mbert\final\epoch_4\per_label.csv
mbert,epoch_5,CPU,645,603,438,0.5168269230769231,0.5955678670360111,0.5534105534105533,1083,C:\Users\Dejan\Desktop\opj\MOJA_PRIPREMA_NE_SALJI_2026-09-08\kod_800_oglasa_5_oznaka\results\mbert\final\epoch_5\per_label.csv
mbert,epoch_5,GPU,566,609,421,0.4817021276595745,0.5734549138804458,0.5235892691951898,987,C:\Users\Dejan\Desktop\opj\MOJA_PRIPREMA_NE_SALJI_2026-09-08\kod_800_oglasa_5_oznaka\results\mbert\final\epoch_5\per_label.csv
mbert,epoch_5,RAM,906,511,342,0.639378969654199,0.7259615384615384,0.6799249530956848,1248,C:\Users\Dejan\Desktop\opj\MOJA_PRIPREMA_NE_SALJI_2026-09-08\kod_800_oglasa_5_oznaka\results\mbert\final\epoch_5\per_label.csv
mbert,epoch_5,SKLADISTE,1135,897,562,0.5585629921259843,0.6688273423688863,0.6087422901582193,1697,C:\Users\Dejan\Desktop\opj\MOJA_PRIPREMA_NE_SALJI_2026-09-08\kod_800_oglasa_5_oznaka\results\mbert\final\epoch_5\per_label.csv
mbert,epoch_5,CENA,670,214,129,0.7579185520361991,0.8385481852315394,0.7961972667855021,799,C:\Users\Dejan\Desktop\opj\MOJA_PRIPREMA_NE_SALJI_2026-09-08\kod_800_oglasa_5_oznaka\results\mbert\final\epoch_5\per_label.csv
mbert,epoch_6,CPU,645,552,438,0.5388471177944862,0.5955678670360111,0.5657894736842106,1083,C:\Users\Dejan\Desktop\opj\MOJA_PRIPREMA_NE_SALJI_2026-09-08\kod_800_oglasa_5_oznaka\results\mbert\final\epoch_6\per_label.csv
mbert,epoch_6,GPU,556,539,431,0.5077625570776255,0.563323201621074,0.5341018251681076,987,C:\Users\Dejan\Desktop\opj\MOJA_PRIPREMA_NE_SALJI_2026-09-08\kod_800_oglasa_5_oznaka\results\mbert\final\epoch_6\per_label.csv
mbert,epoch_6,RAM,904,491,344,0.6480286738351254,0.7243589743589743,0.6840711312902005,1248,C:\Users\Dejan\Desktop\opj\MOJA_PRIPREMA_NE_SALJI_2026-09-08\kod_800_oglasa_5_oznaka\results\mbert\final\epoch_6\per_label.csv
mbert,epoch_6,SKLADISTE,1141,831,556,0.5786004056795132,0.6723629935179729,0.621967838648133,1697,C:\Users\Dejan\Desktop\opj\MOJA_PRIPREMA_NE_SALJI_2026-09-08\kod_800_oglasa_5_oznaka\results\mbert\final\epoch_6\per_label.csv
mbert,epoch_6,CENA,693,176,106,0.7974683544303798,0.867334167709637,0.830935251798561,799,C:\Users\Dejan\Desktop\opj\MOJA_PRIPREMA_NE_SALJI_2026-09-08\kod_800_oglasa_5_oznaka\results\mbert\final\epoch_6\per_label.csv
mbert,epoch_7,CPU,647,532,436,0.5487701441899915,0.5974145891043398,0.5720601237842616,1083,C:\Users\Dejan\Desktop\opj\MOJA_PRIPREMA_NE_SALJI_2026-09-08\kod_800_oglasa_5_oznaka\results\mbert\final\epoch_7\per_label.csv
mbert,epoch_7,GPU,579,563,408,0.5070052539404554,0.5866261398176292,0.5439173320807892,987,C:\Users\Dejan\Desktop\opj\MOJA_PRIPREMA_NE_SALJI_2026-09-08\kod_800_oglasa_5_oznaka\results\mbert\final\epoch_7\per_label.csv
mbert,epoch_7,RAM,924,485,324,0.6557842441447835,0.7403846153846154,0.6955212645841174,1248,C:\Users\Dejan\Desktop\opj\MOJA_PRIPREMA_NE_SALJI_2026-09-08\kod_800_oglasa_5_oznaka\results\mbert\final\epoch_7\per_label.csv
mbert,epoch_7,SKLADISTE,1159,854,538,0.5757575757575758,0.6829699469652327,0.6247978436657682,1697,C:\Users\Dejan\Desktop\opj\MOJA_PRIPREMA_NE_SALJI_2026-09-08\kod_800_oglasa_5_oznaka\results\mbert\final\epoch_7\per_label.csv
mbert,epoch_7,CENA,693,185,106,0.7892938496583144,0.867334167709637,0.8264758497316637,799,C:\Users\Dejan\Desktop\opj\MOJA_PRIPREMA_NE_SALJI_2026-09-08\kod_800_oglasa_5_oznaka\results\mbert\final\epoch_7\per_label.csv
naive_bayes,final,CPU,236,5590,847,0.040508067284586335,0.21791320406278855,0.06831668837747863,1083,C:\Users\Dejan\Desktop\opj\MOJA_PRIPREMA_NE_SALJI_2026-09-08\kod_800_oglasa_5_oznaka\results\naive_bayes\final\per_label.csv
naive_bayes,final,GPU,111,1924,876,0.05454545454545454,0.11246200607902736,0.07346128391793513,987,C:\Users\Dejan\Desktop\opj\MOJA_PRIPREMA_NE_SALJI_2026-09-08\kod_800_oglasa_5_oznaka\results\naive_bayes\final\per_label.csv
naive_bayes,final,RAM,620,2282,628,0.2136457615437629,0.4967948717948718,0.2987951807228915,1248,C:\Users\Dejan\Desktop\opj\MOJA_PRIPREMA_NE_SALJI_2026-09-08\kod_800_oglasa_5_oznaka\results\naive_bayes\final\per_label.csv
naive_bayes,final,SKLADISTE,789,3997,908,0.16485582950271627,0.464938126104891,0.24340583063396576,1697,C:\Users\Dejan\Desktop\opj\MOJA_PRIPREMA_NE_SALJI_2026-09-08\kod_800_oglasa_5_oznaka\results\naive_bayes\final\per_label.csv
naive_bayes,final,CENA,550,665,249,0.45267489711934156,0.688360450563204,0.5461767626613704,799,C:\Users\Dejan\Desktop\opj\MOJA_PRIPREMA_NE_SALJI_2026-09-08\kod_800_oglasa_5_oznaka\results\naive_bayes\final\per_label.csv
svm,final,CPU,223,1902,860,0.10494117647058823,0.2059095106186519,0.13902743142144638,1083,C:\Users\Dejan\Desktop\opj\MOJA_PRIPREMA_NE_SALJI_2026-09-08\kod_800_oglasa_5_oznaka\results\svm\final\per_label.csv
svm,final,GPU,195,775,792,0.20103092783505155,0.19756838905775076,0.19928461931527847,987,C:\Users\Dejan\Desktop\opj\MOJA_PRIPREMA_NE_SALJI_2026-09-08\kod_800_oglasa_5_oznaka\results\svm\final\per_label.csv
svm,final,RAM,717,933,531,0.43454545454545457,0.5745192307692307,0.49482401656314695,1248,C:\Users\Dejan\Desktop\opj\MOJA_PRIPREMA_NE_SALJI_2026-09-08\kod_800_oglasa_5_oznaka\results\svm\final\per_label.csv
svm,final,SKLADISTE,916,1267,781,0.4196060467246908,0.5397760754272245,0.47216494845360824,1697,C:\Users\Dejan\Desktop\opj\MOJA_PRIPREMA_NE_SALJI_2026-09-08\kod_800_oglasa_5_oznaka\results\svm\final\per_label.csv
svm,final,CENA,565,312,234,0.6442417331812998,0.7071339173967459,0.6742243436754177,799,C:\Users\Dejan\Desktop\opj\MOJA_PRIPREMA_NE_SALJI_2026-09-08\kod_800_oglasa_5_oznaka\results\svm\final\per_label.csv
xgboost,final,CPU,20,4924,1063,0.0040453074433656954,0.018467220683287166,0.006636801061888169,1083,C:\Users\Dejan\Desktop\opj\MOJA_PRIPREMA_NE_SALJI_2026-09-08\kod_800_oglasa_5_oznaka\results\xgboost\final\per_label.csv
xgboost,final,GPU,7,4769,980,0.0014656616415410384,0.0070921985815602835,0.0024292903001908723,987,C:\Users\Dejan\Desktop\opj\MOJA_PRIPREMA_NE_SALJI_2026-09-08\kod_800_oglasa_5_oznaka\results\xgboost\final\per_label.csv
xgboost,final,RAM,1,590,1247,0.001692047377326565,0.0008012820512820513,0.001087547580206634,1248,C:\Users\Dejan\Desktop\opj\MOJA_PRIPREMA_NE_SALJI_2026-09-08\kod_800_oglasa_5_oznaka\results\xgboost\final\per_label.csv
xgboost,final,SKLADISTE,171,18916,1526,0.008958977314402473,0.10076605774896877,0.016454965357967668,1697,C:\Users\Dejan\Desktop\opj\MOJA_PRIPREMA_NE_SALJI_2026-09-08\kod_800_oglasa_5_oznaka\results\xgboost\final\per_label.csv
xgboost,final,CENA,16,7534,783,0.002119205298013245,0.02002503128911139,0.0038327943466283385,799,C:\Users\Dejan\Desktop\opj\MOJA_PRIPREMA_NE_SALJI_2026-09-08\kod_800_oglasa_5_oznaka\results\xgboost\final\per_label.csv
