ad_id,outer_fold,role
21,0,test
36,0,test
39,0,test
44,0,test
52,0,test
88,0,test
113,0,test
120,0,test
123,0,test
131,0,test
138,0,test
143,0,test
166,0,test
168,0,test
189,0,test
195,0,test
197,0,test
214,0,test
225,0,test
235,0,test
261,0,test
264,0,test
270,0,test
276,0,test
281,0,test
294,0,test
338,0,test
340,0,test
346,0,test
352,0,test
371,0,test
418,0,test
420,0,test
424,0,test
432,0,test
443,0,test
459,0,test
490,0,test
499,0,test
504,0,test
506,0,test
509,0,test
517,0,test
521,0,test
535,0,test
546,0,test
547,0,test
568,0,test
574,0,test
576,0,test
599,0,test
609,0,test
617,0,test
618,0,test
619,0,test
620,0,test
631,0,test
635,0,test
642,0,test
644,0,test
658,0,test
668,0,test
683,0,test
705,0,test
708,0,test
710,0,test
719,0,test
726,0,test
755,0,test
762,0,test
764,0,test
765,0,test
767,0,test
773,0,test
792,0,test
801,0,test
804,0,test
807,0,test
811,0,test
814,0,test
816,0,test
818,0,test
820,0,test
821,0,test
828,0,test
833,0,test
841,0,test
851,0,test
857,0,test
870,0,test
895,0,test
908,0,test
919,0,test
938,0,test
942,0,test
952,0,test
958,0,test
962,0,test
976,0,test
983,0,test
5,1,test
11,1,test
12,1,test
32,1,test
37,1,test
59,1,test
65,1,test
75,1,test
83,1,test
87,1,test
95,1,test
98,1,test
100,1,test
107,1,test
109,1,test
115,1,test
127,1,test
128,1,test
167,1,test
170,1,test
188,1,test
202,1,test
209,1,test
211,1,test
242,1,test
266,1,test
272,1,test
275,1,test
279,1,test
305,1,test
334,1,test
355,1,test
356,1,test
364,1,test
366,1,test
382,1,test
384,1,test
394,1,test
395,1,test
412,1,test
414,1,test
440,1,test
458,1,test
478,1,test
483,1,test
496,1,test
508,1,test
513,1,test
532,1,test
538,1,test
539,1,test
553,1,test
558,1,test
560,1,test
564,1,test
594,1,test
605,1,test
611,1,test
613,1,test
633,1,test
650,1,test
665,1,test
669,1,test
674,1,test
677,1,test
685,1,test
695,1,test
702,1,test
704,1,test
725,1,test
735,1,test
747,1,test
775,1,test
776,1,test
784,1,test
789,1,test
808,1,test
810,1,test
822,1,test
834,1,test
852,1,test
853,1,test
858,1,test
871,1,test
874,1,test
877,1,test
878,1,test
886,1,test
891,1,test
897,1,test
900,1,test
910,1,test
917,1,test
937,1,test
945,1,test
961,1,test
985,1,test
987,1,test
992,1,test
998,1,test
7,2,test
16,2,test
20,2,test
48,2,test
50,2,test
60,2,test
81,2,test
94,2,test
96,2,test
105,2,test
122,2,test
126,2,test
134,2,test
135,2,test
136,2,test
140,2,test
146,2,test
175,2,test
186,2,test
194,2,test
198,2,test
213,2,test
228,2,test
239,2,test
240,2,test
241,2,test
248,2,test
255,2,test
267,2,test
277,2,test
278,2,test
296,2,test
354,2,test
358,2,test
360,2,test
375,2,test
392,2,test
396,2,test
427,2,test
434,2,test
437,2,test
457,2,test
467,2,test
468,2,test
476,2,test
481,2,test
505,2,test
528,2,test
529,2,test
531,2,test
545,2,test
550,2,test
572,2,test
585,2,test
586,2,test
587,2,test
592,2,test
607,2,test
610,2,test
623,2,test
624,2,test
643,2,test
645,2,test
652,2,test
659,2,test
660,2,test
663,2,test
667,2,test
673,2,test
691,2,test
692,2,test
699,2,test
701,2,test
718,2,test
745,2,test
760,2,test
768,2,test
770,2,test
783,2,test
787,2,test
788,2,test
797,2,test
806,2,test
835,2,test
837,2,test
843,2,test
849,2,test
850,2,test
856,2,test
872,2,test
875,2,test
876,2,test
885,2,test
889,2,test
890,2,test
915,2,test
930,2,test
933,2,test
939,2,test
977,2,test
6,3,test
15,3,test
24,3,test
31,3,test
43,3,test
58,3,test
64,3,test
76,3,test
92,3,test
99,3,test
103,3,test
108,3,test
114,3,test
137,3,test
153,3,test
161,3,test
169,3,test
177,3,test
182,3,test
193,3,test
212,3,test
221,3,test
230,3,test
237,3,test
238,3,test
252,3,test
257,3,test
259,3,test
268,3,test
285,3,test
292,3,test
295,3,test
302,3,test
303,3,test
309,3,test
319,3,test
322,3,test
342,3,test
347,3,test
370,3,test
374,3,test
390,3,test
391,3,test
397,3,test
399,3,test
416,3,test
429,3,test
445,3,test
451,3,test
453,3,test
460,3,test
465,3,test
472,3,test
474,3,test
486,3,test
488,3,test
494,3,test
510,3,test
530,3,test
533,3,test
540,3,test
541,3,test
548,3,test
556,3,test
563,3,test
566,3,test
580,3,test
603,3,test
606,3,test
616,3,test
628,3,test
636,3,test
653,3,test
661,3,test
662,3,test
681,3,test
688,3,test
694,3,test
711,3,test
712,3,test
720,3,test
724,3,test
733,3,test
740,3,test
743,3,test
753,3,test
774,3,test
778,3,test
793,3,test
803,3,test
845,3,test
846,3,test
880,3,test
903,3,test
913,3,test
941,3,test
944,3,test
968,3,test
989,3,test
990,3,test
13,4,test
22,4,test
29,4,test
45,4,test
66,4,test
71,4,test
80,4,test
84,4,test
91,4,test
119,4,test
121,4,test
129,4,test
144,4,test
147,4,test
157,4,test
162,4,test
165,4,test
180,4,test
192,4,test
196,4,test
201,4,test
206,4,test
220,4,test
234,4,test
246,4,test
249,4,test
263,4,test
269,4,test
274,4,test
282,4,test
288,4,test
306,4,test
312,4,test
315,4,test
323,4,test
330,4,test
331,4,test
333,4,test
336,4,test
341,4,test
343,4,test
345,4,test
348,4,test
353,4,test
383,4,test
385,4,test
401,4,test
404,4,test
405,4,test
408,4,test
413,4,test
428,4,test
447,4,test
473,4,test
482,4,test
492,4,test
493,4,test
495,4,test
498,4,test
502,4,test
526,4,test
536,4,test
565,4,test
597,4,test
598,4,test
604,4,test
614,4,test
648,4,test
656,4,test
664,4,test
727,4,test
729,4,test
741,4,test
746,4,test
751,4,test
795,4,test
796,4,test
826,4,test
829,4,test
848,4,test
864,4,test
866,4,test
882,4,test
884,4,test
887,4,test
898,4,test
909,4,test
922,4,test
935,4,test
936,4,test
949,4,test
963,4,test
965,4,test
966,4,test
979,4,test
981,4,test
982,4,test
988,4,test
991,4,test
994,4,test
2,5,test
3,5,test
10,5,test
17,5,test
23,5,test
61,5,test
63,5,test
67,5,test
72,5,test
89,5,test
106,5,test
112,5,test
125,5,test
130,5,test
150,5,test
151,5,test
154,5,test
155,5,test
160,5,test
171,5,test
173,5,test
174,5,test
184,5,test
218,5,test
223,5,test
224,5,test
233,5,test
244,5,test
247,5,test
258,5,test
265,5,test
300,5,test
307,5,test
310,5,test
314,5,test
321,5,test
332,5,test
350,5,test
362,5,test
378,5,test
407,5,test
411,5,test
430,5,test
433,5,test
435,5,test
439,5,test
452,5,test
454,5,test
480,5,test
503,5,test
519,5,test
522,5,test
527,5,test
537,5,test
544,5,test
557,5,test
559,5,test
569,5,test
577,5,test
590,5,test
591,5,test
595,5,test
602,5,test
608,5,test
621,5,test
622,5,test
625,5,test
630,5,test
637,5,test
647,5,test
670,5,test
680,5,test
687,5,test
696,5,test
707,5,test
714,5,test
716,5,test
717,5,test
771,5,test
800,5,test
824,5,test
825,5,test
838,5,test
840,5,test
862,5,test
867,5,test
869,5,test
873,5,test
888,5,test
892,5,test
894,5,test
905,5,test
907,5,test
914,5,test
923,5,test
926,5,test
954,5,test
955,5,test
959,5,test
984,5,test
28,6,test
34,6,test
46,6,test
49,6,test
56,6,test
68,6,test
77,6,test
82,6,test
85,6,test
93,6,test
97,6,test
111,6,test
141,6,test
148,6,test
149,6,test
176,6,test
178,6,test
191,6,test
204,6,test
205,6,test
208,6,test
219,6,test
229,6,test
231,6,test
250,6,test
251,6,test
289,6,test
290,6,test
299,6,test
308,6,test
313,6,test
324,6,test
335,6,test
337,6,test
349,6,test
351,6,test
361,6,test
369,6,test
386,6,test
406,6,test
444,6,test
455,6,test
462,6,test
479,6,test
484,6,test
485,6,test
501,6,test
516,6,test
570,6,test
571,6,test
578,6,test
588,6,test
600,6,test
632,6,test
657,6,test
671,6,test
675,6,test
676,6,test
682,6,test
684,6,test
686,6,test
689,6,test
693,6,test
698,6,test
713,6,test
715,6,test
728,6,test
750,6,test
754,6,test
758,6,test
769,6,test
777,6,test
780,6,test
782,6,test
786,6,test
802,6,test
805,6,test
817,6,test
819,6,test
827,6,test
839,6,test
847,6,test
868,6,test
881,6,test
893,6,test
916,6,test
924,6,test
925,6,test
947,6,test
948,6,test
950,6,test
951,6,test
964,6,test
967,6,test
972,6,test
978,6,test
986,6,test
993,6,test
995,6,test
1000,6,test
8,7,test
9,7,test
18,7,test
42,7,test
47,7,test
51,7,test
53,7,test
62,7,test
73,7,test
90,7,test
116,7,test
145,7,test
164,7,test
181,7,test
183,7,test
185,7,test
190,7,test
199,7,test
217,7,test
232,7,test
245,7,test
260,7,test
280,7,test
283,7,test
284,7,test
291,7,test
297,7,test
298,7,test
304,7,test
311,7,test
325,7,test
339,7,test
344,7,test
363,7,test
365,7,test
368,7,test
372,7,test
377,7,test
379,7,test
389,7,test
403,7,test
409,7,test
410,7,test
419,7,test
422,7,test
426,7,test
450,7,test
461,7,test
463,7,test
469,7,test
470,7,test
471,7,test
487,7,test
507,7,test
512,7,test
518,7,test
523,7,test
542,7,test
543,7,test
552,7,test
573,7,test
575,7,test
581,7,test
626,7,test
627,7,test
640,7,test
654,7,test
666,7,test
672,7,test
679,7,test
703,7,test
732,7,test
734,7,test
744,7,test
748,7,test
749,7,test
752,7,test
766,7,test
781,7,test
812,7,test
813,7,test
815,7,test
844,7,test
863,7,test
865,7,test
879,7,test
896,7,test
901,7,test
906,7,test
920,7,test
927,7,test
928,7,test
946,7,test
953,7,test
957,7,test
960,7,test
970,7,test
973,7,test
996,7,test
999,7,test
1,8,test
4,8,test
14,8,test
19,8,test
25,8,test
27,8,test
35,8,test
54,8,test
55,8,test
57,8,test
69,8,test
78,8,test
86,8,test
102,8,test
124,8,test
132,8,test
139,8,test
158,8,test
163,8,test
179,8,test
187,8,test
216,8,test
222,8,test
226,8,test
227,8,test
243,8,test
253,8,test
254,8,test
262,8,test
286,8,test
287,8,test
293,8,test
301,8,test
318,8,test
320,8,test
329,8,test
357,8,test
359,8,test
367,8,test
373,8,test
380,8,test
381,8,test
387,8,test
388,8,test
398,8,test
400,8,test
402,8,test
415,8,test
423,8,test
431,8,test
442,8,test
448,8,test
449,8,test
466,8,test
475,8,test
477,8,test
489,8,test
497,8,test
500,8,test
511,8,test
515,8,test
520,8,test
534,8,test
549,8,test
555,8,test
583,8,test
589,8,test
593,8,test
634,8,test
641,8,test
646,8,test
651,8,test
678,8,test
697,8,test
706,8,test
709,8,test
722,8,test
723,8,test
730,8,test
737,8,test
742,8,test
756,8,test
757,8,test
763,8,test
798,8,test
809,8,test
830,8,test
831,8,test
836,8,test
854,8,test
855,8,test
899,8,test
902,8,test
911,8,test
929,8,test
931,8,test
932,8,test
956,8,test
971,8,test
975,8,test
26,9,test
30,9,test
33,9,test
38,9,test
40,9,test
41,9,test
70,9,test
74,9,test
79,9,test
101,9,test
104,9,test
110,9,test
117,9,test
118,9,test
133,9,test
142,9,test
152,9,test
156,9,test
159,9,test
172,9,test
200,9,test
203,9,test
207,9,test
210,9,test
215,9,test
236,9,test
256,9,test
271,9,test
273,9,test
316,9,test
317,9,test
326,9,test
327,9,test
328,9,test
376,9,test
393,9,test
417,9,test
421,9,test
425,9,test
436,9,test
438,9,test
441,9,test
446,9,test
456,9,test
464,9,test
491,9,test
514,9,test
524,9,test
525,9,test
551,9,test
554,9,test
561,9,test
562,9,test
567,9,test
579,9,test
582,9,test
584,9,test
596,9,test
601,9,test
612,9,test
615,9,test
629,9,test
638,9,test
639,9,test
649,9,test
655,9,test
690,9,test
700,9,test
721,9,test
731,9,test
736,9,test
738,9,test
739,9,test
759,9,test
761,9,test
772,9,test
779,9,test
785,9,test
790,9,test
791,9,test
794,9,test
799,9,test
823,9,test
832,9,test
842,9,test
859,9,test
860,9,test
861,9,test
883,9,test
904,9,test
912,9,test
918,9,test
921,9,test
934,9,test
940,9,test
943,9,test
969,9,test
974,9,test
980,9,test
997,9,test
