ad_id	field	start	end	label	text
1	title	20	24	RAM	8 GB
1	title	34	40	SKLADISTE	256 GB
1	title	42	50	GPU	Radeon 2
1	body	85	134	CPU	Intel Pentium N3710, četiri jezgra, 1,60–2,56 GHz
1	body	135	144	RAM	8 GB DDR3
1	body	158	164	SKLADISTE	256 GB
1	body	176	186	SKLADISTE	oko 238 GB
1	body	195	213	GPU	AMD Radeon R5 M330
1	body	225	229	GPU	2 GB
1	body	242	250	GPU	Intel HD
2	title	20	22	CPU	i5
2	title	25	29	RAM	8 GB
2	title	36	42	SKLADISTE	512 GB
2	body	66	96	CPU	Intel Core i5-3320M, 2, 60 GHz
2	body	97	101	RAM	8 GB
2	body	112	128	SKLADISTE	približno 512 GB
3	body	127	140	CPU	Ryzen 3 2200u
3	body	152	169	GPU	Radeon Vega 3 2GB
3	body	181	190	RAM	16GB DDR4
3	body	197	210	SKLADISTE	WD 256GB nvme
3	body	217	236	SKLADISTE	500GB 2.5 inca Sata
4	title	20	24	RAM	16gb
4	title	25	30	SKLADISTE	256gb
4	body	26	43	CPU	AMD Ryzen 5 6650U
4	body	59	76	RAM	16gb DDR5 4800MHz
4	body	88	93	SKLADISTE	256gb
5	title	22	24	CPU	i3
5	title	25	29	RAM	16gb
5	title	30	35	SKLADISTE	256gb
5	body	0	21	CPU	Intel® Core™ i3-8130U
5	body	23	30	CPU	2.2 GHz
5	body	47	58	CPU	up to 4 GHz
5	body	64	93	CPU	Intel® Turbo Boost Technology
5	body	95	105	CPU	4 MB cache
5	body	107	114	CPU	2 cores
5	body	116	137	RAM	16 GB DDR4-2400 SDRAM
5	body	139	147	RAM	2 x 8 GB
5	body	149	172	GPU	Intel® UHD Graphics 620
5	body	173	195	SKLADISTE	256 GB PCIe® NVMe™ M.2
5	body	210	217	SKLADISTE	100/100
5	body	229	235	SKLADISTE	8 sati
5	body	699	712	CPU	8. generacije
5	body	717	721	CENA	199e
7	body	69	96	CPU	i5, 6300U, sesta generacija
7	body	102	105	RAM	8gb
8	title	21	30	CPU	i7 4712MQ
8	title	31	34	RAM	8gb
8	title	35	40	SKLADISTE	240gb
8	body	47	55	CPU	intel i7
8	body	190	246	CPU	Intel i7-4712MQ quadcore 2.30ghz 6mb cache turbo 3.30ghz
8	body	251	263	GPU	Intel HD4600
8	body	268	273	SKLADISTE	240gb
8	body	301	309	SKLADISTE	126 dana
8	body	314	324	RAM	2x4GB DDR3
9	title	29	33	RAM	12GB
9	title	35	45	RAM	3x4GB DDR3
9	body	41	45	RAM	12GB
9	body	47	57	RAM	3x4GB DDR3
9	body	59	66	RAM	1333MHz
9	body	68	94	RAM	2x Elixir 4GB DDR3 SO-DIMM
9	body	96	120	RAM	PC3-10600S, 1333MHz, CL9
9	body	122	149	RAM	1x Ramaxel 4GB DDR3 SO-DIMM
9	body	151	175	RAM	PC3-10600S, 1333MHz, CL9
9	body	261	274	CPU	Intel Core i3
9	body	275	277	CPU	i5
9	body	278	280	CPU	i7
9	body	281	285	CPU	prve
9	body	288	304	CPU	druge generacije
9	body	307	319	CPU	Sandy Bridge
9	body	379	383	RAM	12GB
9	body	397	405	CENA	1499 rsd
10	body	381	385	CENA	1499
11	title	32	40	CPU	4 jezgra
11	title	41	42	RAM	2
11	title	43	47	SKLADISTE	16GB
11	body	32	40	CPU	4 jezgra
11	body	41	42	RAM	2
11	body	43	47	SKLADISTE	16GB
11	body	216	237	CPU	Quad core 4 x 1.6 GHz
11	body	242	246	RAM	2 GB
11	body	251	256	SKLADISTE	16 GB
11	body	277	280	CENA	60E
12	title	34	36	RAM	12
12	title	37	42	SKLADISTE	512gb
12	body	34	36	RAM	12
12	body	37	42	SKLADISTE	512gb
13	title	21	22	RAM	8
13	title	23	28	SKLADISTE	256gb
13	body	21	22	RAM	8
13	body	23	28	SKLADISTE	256gb
14	body	146	165	CPU	Intel PXA270520 MHz
14	body	196	205	SKLADISTE	64 MB ROM
14	body	210	221	RAM	64 MB SDRAM
14	body	412	418	SKLADISTE	256 Mb
15	title	30	32	RAM	12
15	title	33	38	SKLADISTE	256gb
15	body	31	33	RAM	12
15	body	34	39	SKLADISTE	256gb
16	title	14	19	SKLADISTE	64 GB
16	body	14	18	SKLADISTE	64GB
17	title	21	25	SKLADISTE	64GB
17	body	70	75	SKLADISTE	64 GB
18	title	14	18	SKLADISTE	64gb
19	title	22	26	SKLADISTE	64gb
20	title	14	18	SKLADISTE	64Gb
20	body	32	36	SKLADISTE	64gb
21	body	31	35	SKLADISTE	64GB
22	title	21	25	SKLADISTE	64GB
22	body	63	67	SKLADISTE	64GB
23	title	6	18	CPU	RYZEN 5 5500
23	title	19	32	GPU	RTX 3060 12GB
23	title	33	37	RAM	16GB
23	title	42	47	SKLADISTE	512GB
23	body	422	438	CPU	AMD Ryzen 5 5500
23	body	440	459	CPU	6 jezgara / 12 niti
23	body	570	597	GPU	Palit GeForce RTX 3060 12GB
23	body	624	628	GPU	12GB
23	body	650	661	GPU	Ray Tracing
23	body	664	668	GPU	DLSS
23	body	688	717	RAM	16GB DDR4 HyperX Fury 3200MHz
23	body	719	737	RAM	2x8GB Dual Channel
23	body	776	794	SKLADISTE	SKHynix 512GB NVMe
23	body	948	953	CPU	Ryzen
24	title	37	47	GPU	RX 580 4gb
24	body	650	681	CPU	i3 10100f, 4 jezgra 8 threadova
24	body	702	709	CPU	i7 7700
24	body	733	745	CPU	Ryzen 5 2600
24	body	764	790	GPU	Sapphire Nitro+ RX 580 4GB
24	body	940	995	RAM	Crucial Ballistix 16GB DDR4, dual channel, CL16 3200mhz
24	body	1020	1043	SKLADISTE	Kingston NV1 500GB NVME
24	body	1138	1140	CPU	i5
24	body	1143	1145	CPU	i7
25	title	10	22	GPU	RTX 4060 8GB
25	title	25	38	CPU	Ryzen 5 5600X
25	title	41	45	RAM	16GB
25	body	60	77	CPU	AMD Ryzen 5 5600X
25	body	79	120	CPU	6 jezgara / 12 threadova, boost do 4.6GHz
25	body	127	155	GPU	Zotac RTX 4060 8GB Twin Edge
25	body	157	168	GPU	ray tracing
25	body	170	174	GPU	DLSS
25	body	181	190	RAM	16GB DDR4
25	body	196	213	SKLADISTE	1TB Kingston NVMe
26	body	0	35	CPU	Intel core i5 3.20 boost clock 3.40
26	body	37	41	RAM	16gb
26	body	47	60	RAM	silicon power
26	body	70	79	SKLADISTE	kingstone
26	body	82	101	SKLADISTE	silicon power 500gb
26	body	103	120	GPU	Radeon RX 580 4gb
27	body	226	242	CPU	AMD Ryzen 5 5600
27	body	243	271	GPU	NVIDIA GeForce RTX 3060 12GB
27	body	272	276	RAM	16GB
27	body	281	286	SKLADISTE	512GB
27	body	495	501	CENA	1100 €
27	body	821	837	CPU	AMD Ryzen 5 5600
27	body	838	866	GPU	NVIDIA GeForce RTX 3060 12GB
27	body	867	871	RAM	16GB
27	body	876	881	SKLADISTE	512GB
27	body	1098	1103	CENA	€1100
28	title	17	25	GPU	Gtx 1060
28	title	26	33	CPU	I3 8300
28	body	0	12	GPU	GTX 1060 3GB
28	body	13	20	CPU	I3 8300
28	body	21	25	RAM	16GB
28	body	30	33	SKLADISTE	1TB
28	body	38	43	SKLADISTE	120GB
28	body	106	120	GPU	rtx 2060 super
28	body	121	129	GPU	rtx 3060
28	body	130	142	CPU	ryzen 5 5500
28	body	143	147	CPU	5600
29	body	27	42	CENA	od 140 do 1000€
29	body	150	157	CPU	i5-3470
29	body	158	168	GPU	r9 380 4gb
29	body	169	173	RAM	16gb
29	body	174	179	SKLADISTE	250gb
29	body	184	188	CENA	140€
29	body	189	196	CPU	i5-4570
29	body	197	206	GPU	rx570 4gb
29	body	207	216	RAM	16gb ddr3
29	body	217	222	SKLADISTE	250gb
29	body	243	247	CENA	150€
29	body	248	256	CPU	i5-6500T
29	body	257	266	GPU	rx480 4gb
29	body	267	279	RAM	16gb 3200mhz
29	body	280	285	SKLADISTE	128gb
29	body	308	312	CENA	150€
29	body	313	325	CPU	Ryzen 3 1200
29	body	326	336	GPU	gtx 1050ti
29	body	337	341	RAM	16gb
29	body	346	351	SKLADISTE	250gb
29	body	372	376	CENA	170€
29	body	377	384	CPU	i7-3770
29	body	385	397	GPU	gtx 1060 6gb
29	body	398	407	RAM	16gb ddr3
29	body	408	413	SKLADISTE	250gb
29	body	434	438	CENA	180€
29	body	439	446	CPU	i5-4570
29	body	447	457	GPU	rx 580 8gb
29	body	459	467	RAM	6gb ddr3
29	body	468	473	SKLADISTE	250gb
29	body	496	500	CENA	195€
29	body	501	508	CPU	i7-4770
29	body	509	519	GPU	rx 580 8gb
29	body	520	529	RAM	16gb ddr3
29	body	530	535	SKLADISTE	250gb
29	body	558	562	CENA	240€
29	body	563	570	CPU	i7-4770
29	body	571	581	GPU	rx 580 8gb
29	body	582	591	RAM	16gb ddr3
29	body	592	595	SKLADISTE	1TB
29	body	618	622	CENA	260€
29	body	623	637	CPU	Ryzen 5 1600AF
29	body	638	650	GPU	GTX 2060 6GB
29	body	651	663	RAM	16GB 3200MHz
29	body	664	667	SKLADISTE	1TB
29	body	691	695	CENA	340€
29	body	696	704	CPU	i5-9400f
29	body	710	722	GPU	RTX 2060 6GB
29	body	723	735	RAM	16GB 3200MHz
29	body	736	739	SKLADISTE	1tb
29	body	766	770	CENA	350€
29	body	771	783	CPU	Ryzen 5 3600
29	body	784	802	GPU	Intel Arc A750 8GB
29	body	803	816	RAM	16GB 3200 Mhz
29	body	817	820	SKLADISTE	1TB
29	body	847	851	CENA	410€
29	body	852	864	CPU	Ryzen 5 5600
29	body	865	880	GPU	RTX 3060 Ti 8GB
29	body	881	894	RAM	16GB 3200 Mhz
29	body	895	898	SKLADISTE	1TB
29	body	925	929	CENA	520€
29	body	930	945	CPU	Intel i5-13500T
29	body	946	964	GPU	Intel Arc A750 8GB
29	body	965	974	RAM	32GB DDR5
29	body	975	978	SKLADISTE	1TB
29	body	1026	1030	CENA	790€
29	body	1031	1046	CPU	Intel i5-13500T
29	body	1047	1058	GPU	RTX 3060 Ti
29	body	1059	1068	RAM	32GB DDR5
29	body	1069	1072	SKLADISTE	1TB
29	body	1120	1124	CENA	840€
30	body	15	17	CPU	i5
30	body	20	26	GPU	RX 580
30	body	29	33	RAM	16GB
30	body	297	310	CPU	Intel i5 4570
30	body	312	320	CPU	4 jezgra
30	body	353	367	GPU	RX 580 4GB XFX
30	body	393	402	RAM	16GB DDR3
30	body	408	422	SKLADISTE	240GB Kingston
30	body	452	455	SKLADISTE	1TB
31	body	205	240	CPU	Intel(R) Core(TM)2 Duo CPU 2.10 GHz
31	body	242	247	CPU	T6500
31	body	250	255	CPU	T6570
31	body	263	273	RAM	4 GB, DDR2
31	body	280	286	SKLADISTE	465 GB
31	body	288	314	SKLADISTE	Performance 70% Health 50%
32	title	26	33	CPU	E1-6010
32	body	66	88	CPU	AMD E E1-6010 1.35 GHz
32	body	158	192	RAM	4 GB DDR3L-SDRAM 1333 MHz 1 x 4 GB
32	body	195	201	SKLADISTE	500 GB
32	body	216	226	GPU	AMD Radeon
32	body	227	240	GPU	AMD Radeon R2
33	title	21	38	CPU	i7-3610QM 2.30Ghz
33	title	40	50	RAM	12 GB DDR3
33	body	21	38	CPU	i7-3610QM 2.30Ghz
33	body	40	50	RAM	12 GB DDR3
33	body	176	210	CPU	Intel(R)Core(TM) i7-3610QM 2.30Ghz
33	body	226	236	RAM	12 GB DDR3
33	body	256	275	GPU	AMD Radeon HD 7570M
33	body	288	294	SKLADISTE	118 GB
34	title	12	20	CPU	i7-1255U
34	title	23	27	RAM	16GB
34	title	30	35	SKLADISTE	512GB
34	body	118	125	CPU	Core i7
34	body	135	149	CPU	12. generacije
34	body	768	787	CPU	Intel Core i7-1255U
34	body	789	808	CPU	10 jezgara, 12 niti
34	body	817	835	RAM	16 GB DDR4 3200MHz
34	body	849	869	SKLADISTE	512 GB PCIe NVMe M.2
34	body	911	933	GPU	Intel Iris Xe Graphics
34	body	1032	1034	CPU	i7
34	body	1035	1049	CPU	12. generacije
35	title	25	33	CPU	i5-8250U
35	title	34	35	RAM	8
35	title	36	41	SKLADISTE	256gb
35	body	49	90	CPU	Intel(R) Core(TM)i5-8250U 1.60GHz 1.80GHz
35	body	93	130	CPU	4 Cores, Max Turbo 3.40GHz, 6MB Cache
35	body	141	166	GPU	Intel(R) UHD Graphics 620
35	body	175	204	GPU	nVidia geForce MX150 2gb DDR5
35	body	219	227	RAM	8GB DDR4
35	body	233	238	SKLADISTE	256GB
35	body	450	463	CPU	8. generacije
37	title	0	4	RAM	DDR5
37	title	12	24	GPU	RTX 5060 8GB
37	title	25	37	CPU	i7-12700 12c
37	title	38	42	RAM	32GB
37	title	43	46	SKLADISTE	1TB
37	body	289	324	CPU	INTEL Core i7-12700 12-Core 2.10GHz
37	body	326	333	CPU	4.90GHz
37	body	379	388	RAM	DDR5 32GB
37	body	394	406	SKLADISTE	1TB M.2 PCIe
37	body	416	451	GPU	nVidia GeForce RTX 5060 8GB 128-bit
38	title	0	8	CPU	R5 7600x
38	title	11	19	GPU	RTX 4070
38	title	22	31	RAM	32GB DDR5
38	body	219	236	CPU	AMD Ryzen 5 7600X
38	body	322	351	RAM	Kingston Fury Beast 32GB DDR5
38	body	353	363	RAM	2x16GB kit
38	body	365	378	RAM	5600 Mhz CL36
38	body	389	426	GPU	MSI Ventus 2X GeForce RTX 4070 12G OC
38	body	432	457	SKLADISTE	Kingston NV2 1TB NVMe M.2
38	body	930	933	CPU	x3d
39	title	27	29	CPU	i5
39	title	31	40	RAM	16gb ddr3
39	title	46	52	SKLADISTE	500 GB
39	body	33	35	CPU	i5
39	body	37	46	RAM	16gb ddr3
39	body	52	58	SKLADISTE	500 GB
40	title	0	46	SKLADISTE	"WD Gold 10TB 3.5"" 7200rpm 512MB SATA WD103KRYZ"
40	body	677	681	SKLADISTE	10TB
40	body	696	712	SKLADISTE	7200 o/min (RPM)
40	body	729	734	SKLADISTE	512MB
40	body	743	747	SKLADISTE	"3.5"""
41	title	0	47	GPU	SAPPHIRE RX 7900 XTX 24GB 384bit NITRO+ Vapor-X
41	body	411	414	GPU	AMD
41	body	423	433	GPU	AMD Radeon
41	body	440	451	GPU	RX 7900 XTX
41	body	465	488	GPU	AMD RDNA 3 Architecture
41	body	503	506	GPU	5nm
41	body	535	539	GPU	6144
41	body	551	559	GPU	2.510MHz
41	body	561	581	GPU	2.680MHz boost clock
41	body	610	614	GPU	24GB
41	body	628	633	GPU	GDDR6
41	body	663	669	GPU	384bit
41	body	898	918	GPU	PCI-Express 4.0 x 16
41	body	935	941	GPU	3x Fan
41	body	1179	1192	GPU	7.680 x 4.320
42	title	0	60	RAM	G.SKILL 64GB Trident Z5 RGB DDR5 6000MHz CL30 KIT F5-6000J30
42	body	0	75	RAM	G. SKILL 64GB Trident Z5 RGB DDR5 6000MHz CL30 KIT F5-6000J3040G32GX2-TZ5RK
42	body	120	124	RAM	64GB
42	body	138	149	RAM	DDR5/CUDIMM
42	body	161	168	RAM	6000MHz
42	body	181	183	RAM	30
42	body	211	215	RAM	2pcs
42	body	284	292	RAM	G. SKILL
42	body	305	322	RAM	64GB DDR5 6000Mhz
42	body	335	339	RAM	CL30
44	title	21	25	RAM	16GB
44	title	26	31	SKLADISTE	512GB
44	body	856	874	CPU	Snapdragon 8 Gen 3
44	body	888	904	CPU	8 (1+ 3 + 2 + 2)
44	body	926	959	CPU	3.3Ghz + 3.2Ghz + 3.0Ghz + 2.3Ghz
44	body	973	977	RAM	16GB
44	body	996	1006	GPU	Adreno 750
44	body	1036	1041	SKLADISTE	512GB
46	title	10	19	CPU	Dual XEON
46	title	22	26	RAM	64GB
46	title	43	48	GPU	W7100
46	title	51	54	GPU	8GB
46	body	594	615	CPU	Intel Xeon E5-2696 v2
46	body	624	652	CPU	24 fizička jezgra / 48 treda
46	body	665	673	CPU	2.50 GHz
46	body	675	692	CPU	Turbo do 3.50 GHz
46	body	694	709	CPU	30MB SmartCache
46	body	783	808	RAM	64 GB DDR3 ECC Registered
46	body	931	948	GPU	ATI FirePro W7100
46	body	952	961	GPU	8GB GDDR5
46	body	1141	1147	SKLADISTE	256 GB
46	body	1198	1202	SKLADISTE	1 TB
47	title	19	22	RAM	8GB
47	title	23	28	SKLADISTE	256GB
47	body	142	146	RAM	8 GB
47	body	165	171	SKLADISTE	256 GB
47	body	286	313	SKLADISTE	microSD (TransFlash) do 2TB
48	title	0	37	SKLADISTE	TOSHIBA CANVIO BASIC HDTB510EK3AA 1TB
48	body	34	38	SKLADISTE	"2.5"""
48	body	60	67	SKLADISTE	1000 GB
48	body	78	89	SKLADISTE	USB 3.0/2.0
48	body	114	118	SKLADISTE	NTFS
48	body	177	188	SKLADISTE	5000 Mbit/s
48	body	205	229	SKLADISTE	USB Type-A / Micro-USB B
48	body	244	269	SKLADISTE	2.0/3.2 Gen 1 (3.1 Gen 1)
48	body	336	347	SKLADISTE	5000 Mbit/s
