ad_id	source	category	url	title_characters	body_characters	title_body_sha256
1	Halo Oglasi	Laptop	https://www.halooglasi.com/racunari/laptop-racunari/hp-15-bs0xx-15-6-8-gb-ram-ssd-256-gb-radeon-2/5425647445501?kid=3	50	332	0711ca37cfc06c7242e0de4c8f3ae04272707fc7b104243de186f7bb833399ee
2	Halo Oglasi	Laptop	https://www.halooglasi.com/racunari/laptop-racunari/dell-latitude-e6530-i5-8-gb-ssd-512-gb-osvet/5425647443639?kid=3	50	292	bd5af82a515a38b956935479636422d623d567beaa313cba256662b95e491b5d
3	Halo Oglasi	Laptop	https://www.halooglasi.com/racunari/laptop-racunari/lap-top-acer-aspire-3/5425642520341?kid=1	21	450	192670e60b6a6612a8da2a04737ae965cfbe1889f76d9127307b0a63f744b7b8
4	Halo Oglasi	Laptop	https://www.halooglasi.com/racunari/laptop-racunari/hp-elitebook-845-g9-16gb256gb---nov---garanci/5425643005930?kid=1	48	325	db2ffe1af91ec9ff0434fe31c807c8c0ec2c6cb149ef802e2993347b0f188079
5	Halo Oglasi	Laptop	https://www.halooglasi.com/racunari/laptop-racunari/hp-pavilion-15-cs0803-i3-16gb256gb-ssd-laptop/5425647095792?kid=1	49	1338	58bf24bba3564a902e5b498e8b1e667e025c4d75a8ca5fbc86321749fd7fee58
6	Halo Oglasi	Laptop	https://www.halooglasi.com/racunari/laptop-racunari/hp-compaq-615/5425645305380?kid=1	13	307	b18b825507b3fd605f9c91e85f7d32d97090f7ea909ea277a5171aea63bf379e
7	Halo Oglasi	Laptop	https://www.halooglasi.com/racunari/laptop-racunari/lenovo-thinkpad-t560/5425641581303?kid=1	20	281	05bb04839ef5f55284f86b5d02458e2001c622044777f658135345608f54c93d
8	Halo Oglasi	Laptop	https://www.halooglasi.com/racunari/laptop-racunari/lenovo-thinkpad-l540-i7-4712mq-8gb-240gb-ssd/5425646973798?kid=1	48	580	95255e75800811f1e0a0c26d3fcff016d219492d10f053bb5abe9ac32f6ef4bc
9	Halo Oglasi	RAM komponenta	https://www.halooglasi.com/racunari/laptop-racunari/laptop-ram-memorija-ukupno-12gb-3x4gb-ddr3-13/5425645993623?kid=1	50	435	5f6e47250d175fb050900dc9fbf32900de78c1d5dc696503069ae821859aab73
10	Halo Oglasi	Baterija	https://www.halooglasi.com/racunari/laptop-racunari/msi-originalna-baterija-bty-m6d---msi-gt-683/5425645993531?kid=1	46	426	1e274e61f88f381539678620cedab8d3aa7934c915f875227f38e783c94d4579
11	Halo Oglasi	Tablet	https://www.halooglasi.com/racunari/tablet-racunari/10-inca-1920-x-1200-asus-me302c-4-jezgra-216g/5425642932058?kid=1	47	548	f597c9078221e9e0c7939a477e64195579fe1187e0acc4c79deab2c65301a6f8
12	Halo Oglasi	Tablet	https://www.halooglasi.com/racunari/tablet-racunari/samsung-galaxy-tab-s9-s9-plus-5g-12512gb-x816/5425644628532?kid=1	49	512	1c8b5f2203a2c3985fb306a7ae12da73d7ec6a12a116126e5d53aaeae0d267d7
13	Halo Oglasi	Tablet	https://www.halooglasi.com/racunari/tablet-racunari/xiaomi-mi-pad-6s-pro-8256gb-wifi-neotpakovan/5425644794206?kid=1	46	83	960f3de57e55da682a4b4908764b16245e99d406d94bb363c93b4123bee4d360
14	Halo Oglasi	PDA / tablet	https://www.halooglasi.com/racunari/tablet-racunari/hp-ipaq-hx2410/5425644709255?kid=1	14	423	63b8acae75e09ee29f8902c6a0159886f8f5eb295e3d4589936661adfc0e5431
15	Halo Oglasi	Tablet	https://www.halooglasi.com/racunari/tablet-racunari/samsung-galaxy-tab-s9-x710-11-12256gb-beige/5425644629378?kid=1	44	100	8560d9aeab05a7da8078f4a853fd43b29594fd06bf402d0f63914434b7ee1472
16	Halo Oglasi	Telefon	https://www.halooglasi.com/telefoni/apple-iphone-11-mobilni-telefoni/iphone-11-pro-64-gb/5425644266087	19	221	0df123cb8dadd77b1351448c586ed085d930f35a3c9eed7e0fc7960f069a5286
17	Halo Oglasi	Telefon	https://www.halooglasi.com/telefoni/apple-iphone-11-mobilni-telefoni/apple-iphone-11-pro-64gb-space-gray/5425644142942	37	244	f3b2e5be1fad77ec663ac559370fdddc6f00d3e7cbd421e34b9de4c4b10d4773
18	Halo Oglasi	Telefon	https://www.halooglasi.com/telefoni/apple-iphone-11-mobilni-telefoni/iphone-11-pro-64gb-87/5425644550601	22	463	990cce3c08576536f78d8686c9ee5ab888c70b40f8c5eea2f0eb4d13acb902aa
19	Halo Oglasi	Telefon	https://www.halooglasi.com/telefoni/apple-iphone-X-mobilni-telefoni/iphone-xs-silverbeli-64gb-ocuvan-kao-nov/5425636329116	44	335	34e26dd1baa32160cd3afc050bfe443b1e9c3d5248a72ae3f46fce34c33b1494
20	Halo Oglasi	Telefon	https://www.halooglasi.com/telefoni/apple-iphone-11-mobilni-telefoni/iphone-11-pro-64gb-100-zdravlje-baterije/5425647427262?kid=1	41	557	7eb8d104957c08991fd83e6abd70b01fc32734ef467cb80ebae585d31f3842f0
21	Halo Oglasi	Telefon	https://www.halooglasi.com/telefoni/apple-iphone-11-mobilni-telefoni/iphone-11/5425647156884	9	644	b845a6bb3fdb2c0c54e1cd6a8a75c687f7fa8cfc25670f12b42c87bdb33ff11d
22	Halo Oglasi	Telefon	https://www.halooglasi.com/telefoni/apple-iphone-11-mobilni-telefoni/apple-iphone-11-pro-64gb-gold/5425644142662	31	201	a1a292dc010bb9109f1b5802d8d946c71058ee6ad9beddfdc08b50f0b2ce50f8
23	Halo Oglasi	Desktop računar	https://www.halooglasi.com/racunari/desktop-racunari/gamer-ryzen-5-5500-rtx-3060-12gb-16gb-ram-512/5425647445487	47	1298	99ed079a6bb57ebc60099a2b1b604af83ce6252738e7356f44fda802a5359f56
24	Halo Oglasi	Desktop računar	https://www.halooglasi.com/racunari/desktop-racunari/fenomenalan-gaming-racunar-i3-10100frx-580-4g/5425642420814	50	1445	931c8966d079009948f24dd8d7f657340cadd1bf4eb5311348c121db9014c4c6
25	Halo Oglasi	Desktop računar	https://www.halooglasi.com/racunari/desktop-racunari/gaming-pc-rtx-4060-8gb-ryzen-5-5600x-16gb-ram/5425646750585	49	703	124fca497baba7e411d17a05d5eb891ea498aa12fb1db666069a9c9f3ec773ec
26	Halo Oglasi	Desktop računar	https://www.halooglasi.com/racunari/desktop-racunari/hp-racunar-164gb/5425643966428	17	176	a5ec0fd035a069f9d0cdecc9f714a301dc3c59d97ab245556728eab0ecf54c0c
27	Halo Oglasi	Desktop + oprema	https://www.halooglasi.com/racunari/desktop-racunari/gaming-pc-2x-27-monitor-logitech-oprema/5425647400945?kid=1	43	1125	345d6f0c8b5c7bb4697377a003771abac54a6dbce79fb79d7035f51c80a667a4
28	Halo Oglasi	Desktop računar	https://www.halooglasi.com/racunari/desktop-racunari/gaming-kompjuter-gtx-1060-i3-8300/5425644914784	33	158	6dec88f1a26ce8d5457b509b5fcff94ee1534d4307fad21e4f585741b082044f
29	Halo Oglasi	Više desktop računara	https://www.halooglasi.com/racunari/desktop-racunari/gaming-desktop-racunari-jeftino/5425645447466	31	1124	7fb8e976d11f9dce3ca109d0e28b1d985d396c73f6abef3584999eb47d4c2be6
30	Halo Oglasi	Desktop računar	https://www.halooglasi.com/racunari/desktop-racunari/rgb-kompjuter/5425646926762	13	880	e1e1946992a28540d289632d3b620e40af50b1c4743377ad9880e9d4da876b56
31	Halo Oglasi	Laptop	https://www.halooglasi.com/racunari/laptop-racunari/samsung-r720-laptop/5425647096082	19	457	96feefd136d2a00dcc1a1ce83d964f5a68fedeec26f912779b8dac6975eb1aed
32	Halo Oglasi	Laptop	https://www.halooglasi.com/racunari/laptop-racunari/lenovo-ideapad-flex-2-15d-e1-6010-touchscreen/5425646477984	45	623	2f4b495a9150188b6b84beaa07d5d677fac7bf9d5db80829c7b69ebbdad5863f
33	Halo Oglasi	Laptop	https://www.halooglasi.com/racunari/laptop-racunari/toshiba-tecra-r950-i7-3610qm-2-30ghz-12-gb-dd/5425641875237?kid=1	50	493	ba8ae7d60ab8504150fd9773494a5f468a43b21802e26b3ba695b53bf6875ae0
34	Halo Oglasi	Laptop	https://www.halooglasi.com/racunari/laptop-racunari/hp-470-g9-i7-1255u-16gb-512gb-ssd-17-3/5425647501596?kid=1	46	1269	3322de748467f884b6ad7eafa83b4131f35f4e213bd4fac87627587b6daa9446
35	Halo Oglasi	Laptop	https://www.halooglasi.com/racunari/laptop-racunari/asus-vivobook-s510u-core-i5-8250u-8256gb-ssd/5425646873482?kid=1	50	764	258b632d596d7c654468292e83c7aba683715cccdbb1335f99019a52a4549b1e
36	Halo Oglasi	Laptop	https://www.halooglasi.com/racunari/laptop-racunari/na-prodaju-laptop-lenovo-legion-y520/5425645696548?kid=1	36	203	d476baea1b2a9114d1f6e327766ae0f4f2e21e2c8ee4981a5d7db1087d16b1f2
37	KupujemProdajem	Desktop računar	https://www.kupujemprodajem.com/kompjuteri-desktop/kompjuteri/ddr5-quadon-rtx-5060-8gb-i7-12700-12c-32gb-1tb/oglas/168288475	46	795	3d874a33c9ab47d5f6dd9793faba993139dded146a666ebee365eb0aeec12c23
38	KupujemProdajem	Desktop računar	https://www.kupujemprodajem.com/kompjuteri-desktop/polovni-kompjuteri/r5-7600x-rtx-4070-32gb-ddr5-b650-u-domacoj-garanciji/oglas/194119070	58	971	1f724687359b4a48ed713d78206dee29a13c29b48b4c90fdca935af027adc959
39	KupujemProdajem	Mini računar	https://www.kupujemprodajem.com/kompjuteri-desktop/apple-desktop/apple-mac-mini-late-2012-i5-16gb-ddr3-ssd-500-gb-win10/oglas/193529969	60	226	847523b88682ec053ea82d92dbf484af7ef072dab18d0b5b3619db39170a9e41
40	KupujemProdajem	HDD	https://www.kupujemprodajem.com/kompjuteri-desktop/hard-diskovi/wd-gold-10tb-3-5-7200rpm-512mb-sata-wd103kryz/oglas/193531327	46	780	f6eb3cf63e8cdf00ed64c8532e7074c07c571a49b2c1b1fd42e2d54f00fe7d9c
41	KupujemProdajem	GPU	https://www.kupujemprodajem.com/kompjuteri-desktop/graficke-kartice/sapphire-rx-7900-xtx-24gb-384bit-nitro-vapor-x/oglas/151666250	47	1358	3f782103b1f16d9e02a3dab8223364ff5a9038e354d1381a32ef7e78a07989d1
42	KupujemProdajem	RAM	https://www.kupujemprodajem.com/kompjuteri-desktop/ram-memorije/g-skill-64gb-trident-z5-rgb-ddr5-6000mhz-cl30-kit-f5-6000j30/oglas/185851037	60	346	4c0546b071139b66577da20b80d609d24cb6d27ab1bec3a06197aef94502052a
43	KupujemProdajem	Monitor	https://www.kupujemprodajem.com/kompjuteri-desktop/monitori/samsung-odyssey-neo-g95nc-s57cg954nu/oglas/181827213	36	948	4f427d428e99acc6bf6adf50268a2d7ffd2923833c11e705159e6e830adabcd5
44	KupujemProdajem	Telefon	https://www.kupujemprodajem.com/mobilni-telefoni/asus/asus-rog-phone-8-pro-16gb-512gb-android-14-phantom-black-ai/oglas/169333398	60	1840	5c2b4bf827fab9c90d5d0fd1901ad90f7560b05da580b7b7b8faaa7a7e711a9a
45	KupujemProdajem	Telefon	https://www.kupujemprodajem.com/mobilni-telefoni/nokia/nokia-7280/oglas/192797429	10	249	f6fb0f00293fe0815a7d79af0e8401896c383eff6986811bfae4a65fba47425a
46	Kupindo	Desktop računar	https://www.kupindo.com/Desktop-racunari/84866147_HP-Z820-Dual-XEON-64GB-RAM-SSD-GPU-W7100-8GB	54	1893	ab158253148254cdefefa7586f09d60066251a86066fb82418ae92820fdb74d6
47	Kupindo	Tablet	https://www.kupindo.com/Tableti/84884419_XIAOMI-REDMI-PAD-2-8GB-256GB-ZELENI-Tablet	42	601	4083b739b8cd4b5e3c6575df4c1dd1ca22caeda4ecad00311d698dcf4d97f551
48	Kupindo	HDD	https://www.kupindo.com/Hard-diskovi-i-SSD/82686071_TOSHIBA-CANVIO-BASIC-HDTB510EK3AA-1TB-Eksterni-hard-disk	56	701	45e91bd96d0a064454a88469abfe7b15c2ed87248a2e9048f22b1c89d847b6b2
49	Kupindo	Napajanje	https://www.kupindo.com/Napajanja/84891335_Napajanje-za-racunar-iGMAX-model-500C-jacine-500W	49	1141	815e7719eb8b34d6dd479fe4c3fae0647d3d7c00ee1bfa60474e9fabb35ca9ab
50	Kupindo	Tastatura	https://www.kupindo.com/Tastature/84888755_Emachines-PS-2-Desktop-Keyboard-KB-0108	40	382	d891dcd0b71d0c0cef22d0211b6356aba2d1a03f8d8ab28bbcf9f09f66ab3bb7
